<?xml version="1.0" encoding="UTF-8"?>
<!DOCTYPE generatorConfiguration
  PUBLIC "-//mybatis.org//DTD MyBatis Generator Configuration 1.0//EN"
  "http://mybatis.org/dtd/mybatis-generator-config_1_0.dtd">

<generatorConfiguration>

  <!-- 配置文件路径 -->
  <!-- 这里用相对路径，绝对路径用法见： http://www.mybatis.org/generator/configreference/properties.html-->
  <properties url="file:generatorConfig.properties" />

  <!-- 数据库驱动 -->
  <classPathEntry location="${location}" />

  <context id="databaseTables" targetRuntime="MyBatis3">
  
    <!-- 注释中不生成时间 -->
    <commentGenerator>  
      <property name="suppressDate" value="true" />  
    </commentGenerator>  	
	
    <!-- 数据库连接 -->
    <jdbcConnection driverClass="${jdbcConnection.driverClass}"
        connectionURL="${jdbcConnection.connectionURL}"
        userId="${jdbcConnection.userId}"
        password="${jdbcConnection.password}">
    </jdbcConnection>

	<!-- 类型设置，不用管 -->
    <javaTypeResolver >
      <property name="forceBigDecimals" value="false" />
    </javaTypeResolver>

	<!-- java模型类 的包名和存放路径 -->
    <javaModelGenerator targetPackage="${targetPackage}.model" targetProject="${targetProject}">
      <property name="enableSubPackages" value="true" />
      <property name="trimStrings" value="true" />
    </javaModelGenerator>

	<!-- sql映射文件(*Mapper.xml) 的包名和存放路径 -->
    <sqlMapGenerator targetPackage="${targetPackage}.data"  targetProject="${targetProject}">
      <property name="enableSubPackages" value="true" />
    </sqlMapGenerator>

	<!-- dao接口类 的包名和存放路径 -->
    <javaClientGenerator type="XMLMAPPER" targetPackage="${targetPackage}.data"  targetProject="${targetProject}">
      <property name="enableSubPackages" value="true" />
    </javaClientGenerator>

	<!-- 数据库中的表名 和 生成的java类名 -->
    <table tableName="${tableName}" domainObjectName="${domainObjectName}" />
	<!-- 高级用法参考，详见 http://www.mybatis.org/generator/configreference/xmlconfig.html
	<table schema="DB2ADMIN" tableName="ALLTYPES" domainObjectName="Customer" >
      <property name="useActualColumnNames" value="true"/>
      <generatedKey column="ID" sqlStatement="DB2" identity="true" />
      <columnOverride column="DATE_FIELD" property="startDate" />
      <ignoreColumn column="FRED" />
      <columnOverride column="LONG_VARCHAR_FIELD" jdbcType="VARCHAR" />
    </table>
    -->
	
  </context>
</generatorConfiguration>